,compound_name,gt_compound_name,ui_retention_time,gt_retention_time,rt_difference,p_value,compoundID_from_user,gt_chebi,ui_chebi,gt_index,ui_index,eid
9,"5,6-Dihydrothymine",Dihydrothymine,95.10933685,108.72,13.610663149999993,0.0480304276858874,M129.066101T95.1093,CHEBI:27468,27468,62,77,E81
23,L-Histidine,L-histidine,60.79345703,43.08,17.71345703,0.008653628,M156.076881T60.7935,CHEBI:15971,15971,6,140,E157
29,L-Phenylalanine,L-phenylalanine,162.4102936,163.62,1.209706400000016,0.046225477,M167.089818T162.4103_2,CHEBI:17295,17295,109,160,E197
30,Pyridoxamine,Pyridoxamine,162.5963745,169.08,6.4836255000000165,0.036458055,M168.090948T162.5964,CHEBI:16410,16410,112,164,E208
34,L-Glutamate,L-glutamic acid,62.65639496,269.64,206.98360504,0.008779164,M170.040785T62.6564,CHEBI:16015,16015,236,176,E215
35,L-Histidine,L-histidine,41.2218132,43.08,1.8581867999999986,0.0169946548530323,M178.059049T41.2218,CHEBI:15971,15971,6,181,E156
46,Sphingosine,D-sphingosine,576.2928162,503.04,73.25281619999993,0.012548539136386,M300.289651T576.2928_2,CHEBI:16393,16393,454,296,E416
52,testosterone glucuronide,Epitestosterone glucuronide,718.3981628,402.48,315.9181628,0.00909437,M465.250499T718.3982_2,CHEBI:28835,28835,388,433,E553
